Date,Name,Type,Day
2022-01-01,New Year's Day,Restricted Holiday,Saturday
2022-01-09,Guru Govind Singh Jayanti,Restricted Holiday,Sunday
2022-01-13,Lohri,Restricted Holiday,Thursday
2022-01-14,Pongal,Restricted Holiday,Friday
2022-01-26,Republic Day,Gazetted Holiday,Wednesday
2022-02-01,Lunar New Year,Observance,Tuesday
2022-02-05,Vasant Panchami,Restricted Holiday,Saturday
2022-02-14,Valentine's Day,Observance,Monday
2022-02-15,Hazarat Ali's Birthday,Restricted Holiday,Tuesday
2022-02-16,Guru Ravidas Jayanti,Restricted Holiday,Wednesday
2022-02-19,Shivaji Jayanti,Restricted Holiday,Saturday
2022-02-26,Maharishi Dayanand Saraswati Jayanti,Restricted Holiday,Saturday
2022-03-01,Maha Shivaratri/Shivaratri,Gazetted Holiday,Tuesday
2022-03-17,Holika Dahana,Restricted Holiday,Thursday
2022-03-18,Holi,Gazetted Holiday,Friday
2022-03-20,March Equinox,Season,Sunday
2022-04-02,Chaitra Sukhladi,Restricted Holiday,Saturday
2022-04-10,Rama Navami,Restricted Holiday,Sunday
2022-04-14,Maundy Thursday,"Observance, Christian",Thursday
2022-04-15,Good Friday,Gazetted Holiday,Friday
2022-04-16,First day of Passover,Observance,Saturday
2022-04-17,Easter Day,Restricted Holiday,Sunday
2022-04-29,Jamat Ul-Vida (Tentative Date),Restricted Holiday,Friday
2022-05-01,International Worker's Day,Observance,Sunday
2022-05-03,Ramzan Id/Eid-ul-Fitar,Gazetted Holiday,Tuesday
2022-05-08,Mothers' Day,Observance,Sunday
2022-05-09,Birthday of Rabindranath,Restricted Holiday,Monday
2022-05-16,Buddha Purnima/Vesak,Gazetted Holiday,Monday
2022-06-19,Fathers' Day,Observance,Sunday
2022-06-21,June Solstice,Season,Tuesday
2022-07-01,Rath Yatra,Restricted Holiday,Friday
2022-07-10,Bakrid/Eid ul-Adha,Gazetted Holiday,Sunday
2022-07-13,Guru Purnima,Observance,Wednesday
2022-08-07,Friendship Day,Observance,Sunday
2022-08-09,Muharram/Ashura,Gazetted Holiday,Tuesday
2022-08-11,Raksha Bandhan (Rakhi),Restricted Holiday,Thursday
2022-08-15,Independence Day,Gazetted Holiday,Monday
2022-08-16,Parsi New Year,Restricted Holiday,Tuesday
2022-08-18,Janmashtami (Smarta),Restricted Holiday,Thursday
2022-08-19,Janmashtami,Gazetted Holiday,Friday
2022-08-31,Ganesh Chaturthi/Vinayaka Chaturthi,Restricted Holiday,Wednesday
2022-09-08,Onam,Restricted Holiday,Thursday
2022-09-23,September Equinox,Season,Friday
2022-09-26,First Day of Sharad Navratri,"Observance, Hinduism",Monday
2022-10-01,First Day of Durga Puja Festivities,"Observance, Hinduism",Saturday
2022-10-02,Mahatma Gandhi Jayanti,Gazetted Holiday,Sunday
2022-10-03,Maha Ashtami,Restricted Holiday,Monday
2022-10-04,Maha Navami,Restricted Holiday,Tuesday
2022-10-05,Dussehra,Gazetted Holiday,Wednesday
2022-10-09,Maharishi Valmiki Jayanti,Restricted Holiday,Sunday
2022-10-13,Karaka Chaturthi (Karva Chauth),Restricted Holiday,Thursday
2022-10-24,Naraka Chaturdasi,Restricted Holiday,Monday
2022-10-25,Govardhan Puja,Restricted Holiday,Tuesday
2022-10-26,Bhai Duj,Restricted Holiday,Wednesday
2022-10-30,Chhat Puja (Pratihar Sashthi/Surya Sashthi),Restricted Holiday,Sunday
2022-10-31,Halloween,Observance,Monday
2022-11-08,Guru Nanak Jayanti,Gazetted Holiday,Tuesday
2022-11-24,Guru Tegh Bahadur's Martyrdom Day,Restricted Holiday,Thursday
2022-12-19,First Day of Hanukkah,Observance,Monday
2022-12-22,December Solstice,Season,Thursday
2022-12-24,Christmas Eve,Restricted Holiday,Saturday
2022-12-25,Christmas,Gazetted Holiday,Sunday
2022-12-26,Last day of Hanukkah,Observance,Monday
2022-12-29,Guru Govind Singh Jayanti,Restricted Holiday,Thursday
2022-12-31,New Year's Eve,Observance,Saturday
2023-01-01,New Year's Day,Restricted Holiday,Sunday
2023-01-14,Makar Sankranti,Restricted Holiday,Saturday
2023-01-15,Pongal,Restricted Holiday,Sunday
2023-01-22,Lunar New Year,Observance,Sunday
2023-01-26,Republic Day,Gazetted Holiday,Thursday
2023-02-05,Guru Ravidas Jayanti,Restricted Holiday,Sunday
2023-02-14,Valentine's Day,Observance,Tuesday
2023-02-15,Maharishi Dayanand Saraswati  Jayanti,Restricted Holiday,Wednesday
2023-02-18,Maha Shivaratri/Shivaratri,Restricted Holiday,Saturday
2023-02-19,Shivaji Jayanti,Restricted Holiday,Sunday
2023-03-07,Dolyatra,Restricted Holiday,Tuesday
2023-03-08,Holi,Gazetted Holiday,Wednesday
2023-03-21,March Equinox,Season,Tuesday
2023-03-22,Chaitra Sukhladi,Restricted Holiday,Wednesday
2023-03-24,Ramadan Start,Observance,Friday
2023-03-30,Rama Navami,Gazetted Holiday,Thursday
2023-04-04,Mahavir Jayanti,Gazetted Holiday,Tuesday
2023-04-06,First day of Passover,Observance,Thursday
2023-04-14,Vaisakhi,Restricted Holiday,Friday
2023-04-15,Mesadi / Vaisakhadi,Restricted Holiday,Saturday
2023-04-22,Ramzan Id/Eid-ul-Fitar,Gazetted Holiday,Saturday
2023-05-01,International Worker's Day,Observance,Monday
2023-05-05,Buddha Purnima/Vesak,Gazetted Holiday,Friday
2023-05-09,Birthday of Rabindranath,Restricted Holiday,Tuesday
2023-06-20,Rath Yatra,Restricted Holiday,Tuesday
2023-06-21,June Solstice,Season,Wednesday
2023-06-29,Bakrid/Eid ul-Adha,Gazetted Holiday,Thursday
2023-07-03,Guru Purnima,Observance,Monday
2023-07-29,Muharram/Ashura,Gazetted Holiday,Saturday
2023-08-15,Independence Day,Gazetted Holiday,Tuesday
2023-08-16,Parsi New Year,Restricted Holiday,Wednesday
2023-08-20,Vinayaka Chathurthi,Restricted Holiday,Sunday
2023-08-29,Onam,Restricted Holiday,Tuesday
2023-08-30,Raksha Bandhan (Rakhi),Restricted Holiday,Wednesday
2023-09-06,Janmashtami (Smarta),Restricted Holiday,Wednesday
2023-09-07,Janmashtami,Gazetted Holiday,Thursday
2023-09-19,Ganesh Chaturthi/Vinayaka Chaturthi,Restricted Holiday,Tuesday
2023-09-23,September Equinox,Season,Saturday
2023-09-28,Milad un-Nabi/Id-e-Milad,Gazetted Holiday,Thursday
2023-10-02,Mahatma Gandhi Jayanti,Gazetted Holiday,Monday
2023-10-15,First Day of Sharad Navratri,"Observance, Hinduism",Sunday
2023-10-20,First Day of Durga Puja Festivities,"Observance, Hinduism",Friday
2023-10-21,Maha Saptami,Restricted Holiday,Saturday
2023-10-22,Maha Ashtami,Restricted Holiday,Sunday
2023-10-23,Maha Navami,Restricted Holiday,Monday
2023-10-24,Dussehra,Gazetted Holiday,Tuesday
2023-10-28,Maharishi Valmiki Jayanti,Restricted Holiday,Saturday
2023-10-31,Halloween,Observance,Tuesday
2023-11-01,Karaka Chaturthi (Karva Chauth),Restricted Holiday,Wednesday
2023-11-12,Naraka Chaturdasi,Restricted Holiday,Sunday
2023-11-13,Govardhan Puja,Restricted Holiday,Monday
2023-11-24,Guru Tegh Bahadur's Martyrdom Day,Restricted Holiday,Friday
2023-11-27,Guru Nanak Jayanti,Gazetted Holiday,Monday
2023-12-08,First Day of Hanukkah,Observance,Friday
2023-12-15,Last day of Hanukkah,Observance,Friday
2023-12-22,December Solstice,Season,Friday
2023-12-24,Christmas Eve,Restricted Holiday,Sunday
2023-12-25,Christmas,Gazetted Holiday,Monday
2023-12-31,New Year's Eve,Observance,Sunday
